,apname,power,channel,channelusage,interferenceratio
0,N6_AP_124,32.0,157.0,2.9425925925925926,2.9277777777777776
1,N6_AP_129,32.0,157.0,4.368518518518519,4.3462962962962965
2,N6_AP_157,31.083333333333332,157.0,3.5277777777777777,3.501851851851852
3,N6_AP_181,32.0,157.0,4.5092592592592595,4.374074074074074
4,N6_AP_189,32.0,157.0,9.314814814814815,9.275925925925925
5,N6_AP_62,32.0,157.0,3.740740740740741,3.7314814814814814
