,apname,power,channel,channelusage,interferenceratio
0,N6_AP_125,32.0,153.0,4.848148148148148,4.8314814814814815
1,N6_AP_148,32.0,153.0,14.28888888888889,13.227777777777778
2,N6_AP_163,30.933333333333334,153.0,6.511111111111111,6.496296296296296
3,N6_AP_170,32.0,153.0,4.659259259259259,4.231481481481482
4,N7_AP_300,32.0,153.0,1.0685185185185184,0.40555555555555556
